title,game,day,date,link
LUIBI'S MANSION / blizzcon ceremony / LIRIK PUMPKIN WINNERS,games,Friday,2019-11-01,https://www.twitch.tv/videos/502527591
LUL,games,Wednesday,2019-10-30,https://www.twitch.tv/videos/501664858
,Gears 5
,Just Chatting
,TrackMania¬≤ Stadium
,Star Citizen
,Just Chatting
Happy Birthday Me - !carving,games,Tuesday,2019-10-29,https://www.twitch.tv/videos/501239769
,Call of Duty: Modern Warfare
,Star Citizen
,Just Chatting
,Warcraft III: Reforged
,Secret Neighbor
,Just Chatting
:D - !carving,games,Monday,2019-10-28,https://www.twitch.tv/videos/500811422
,Lonely Mountains: Downhill
,Call of Duty: Modern Warfare
,Barbie and the Magic of Pegasus
,Just Chatting
SUB SUNDAY - !carving,games,Sunday,2019-10-27,https://www.twitch.tv/videos/500383057
,Lonely Mountains: Downhill
,Crossroads Inn
,Barbie and the Magic of Pegasus
,Secret Neighbor
Fragging #COD_PARTNER - Watching Carnival Row Tonight - !ca,games,Saturday,2019-10-26,https://www.twitch.tv/videos/499896640
,Just Chatting
Call of Duty Campaign - !carving,games,Friday,2019-10-25,https://www.twitch.tv/videos/499386857
? ~ !carving,games,Wednesday,2019-10-23,https://www.twitch.tv/videos/498482305
,The Outer Worlds
LULs of Madness - !carving,games,Tuesday,2019-10-22,https://www.twitch.tv/videos/498062055
,The Jackbox Party Pack 6
,Just Chatting
,The Jackbox Party Pack 6
,Just Chatting
,The Outer Worlds
hehehaha !carving,games,Monday,2019-10-21,https://www.twitch.tv/videos/497645378
,Star Citizen
SUB SUNDAY - !carving,games,Sunday,2019-10-20,https://www.twitch.tv/videos/497244732
,Disco Elysium
,Chernobylite
,Barbie and the Magic of Pegasus
,Plants vs. Zombies: Battle for Neighborville
,Postal 4: No Regerts
,Star Citizen
,The Jackbox Party Pack 6
:),games,Saturday,2019-10-19,https://www.twitch.tv/videos/496760234
,Little Big Workshop
,Rocket League
,Hand Simulator
,Pacify
,Wreckfest
,Golf It!
xD,games,Friday,2019-10-18,https://www.twitch.tv/videos/496287127
,Legends of Runeterra
,Fortnite
,DayZ
Enter a title,games,Wednesday,2019-10-16,https://www.twitch.tv/videos/495422406
,DayZ
,Fortnite
,Just Chatting
Enter a title,games,Wednesday,2019-10-16,https://www.twitch.tv/videos/495421215
,DayZ
,Fortnite
,Just Chatting
üñ§üñ§üñ§üñ§üñ§üñ§üéÉüñ§üñ§üñ§üñ§üñ§üñ§,games,Tuesday,2019-10-15,https://www.twitch.tv/videos/494969092
,Rebel Inc: Escalation
,DayZ
,We Were Here Together
,Fortnite
SUB SUNDAYYYYYYYYYYYYYYYYYYYYYYYYYYYYYYYYYYYYYYYYYYYYYYYY,games,Monday,2019-10-14,https://www.twitch.tv/videos/494529845
,Just Chatting
,Battlefield V
,DayZ
,We Were Here Together
SUB SUNDAYYYYYYYYYYYYYYYYYYYYYYYYYYYYYYYYYYYYYYYYYYYYYYYY,games,Sunday,2019-10-13,https://www.twitch.tv/videos/494078540
,Pine
,Valfaris
,Fortnite
,Fortnite
,Flotsam
,Flotsam
,Flotsam
,Flotsam
,Flotsam
,Radio Commander
,Concrete Genie
üéÉHALLoüéÉ,games,Saturday,2019-10-12,https://www.twitch.tv/videos/493607843
,Hell Let Loose
,Just Chatting
,Unrailed!
,Killer Queen Black
,Mario Kart 8
,Golf It!
üéÉüéÉ,games,Wednesday,2019-10-09,https://www.twitch.tv/videos/492302226
,Just Chatting
,Infinity: Battlescape
,Dreams
,Unrailed!
,Wreckfest
,Trine 4
üéÉ Trying To Remember How To Play FPSs üéÉ,games,Tuesday,2019-10-08,https://www.twitch.tv/videos/491877119
,Just Chatting
,Counter-Strike: Global Offensive
,DayZ
,The Long Drive
üéÉ üéÉüéÉ üéÉüéÉ üéÉ,games,Monday,2019-10-07,https://www.twitch.tv/videos/491465967
,Counter-Strike: Global Offensive
üéÉ SUB SUNDAY üéÉ,games,Sunday,2019-10-06,https://www.twitch.tv/videos/491062149
,Code Vein
,What the Golf?
,Little Misfortune
,Just Chatting
üéÉ gamin üéÉ,games,Saturday,2019-10-05,https://www.twitch.tv/videos/490585853
,Destiny 2
,DayZ
,Unrailed!
,Super Mario Maker 2
,Just Chatting
üéÉüéÉüéÉüéÉüéÉüéÉlirikCOZYüéÉüéÉüéÉüéÉüéÉüéÉ,games,Friday,2019-10-04,https://www.twitch.tv/videos/490115500
,Noita
,Counter-Strike: Global Offensive
,Unrailed!
,Super Mario Maker 2
,Tom Clancy's Ghost Recon Breakpoint
üéÉ/\üéÉ,games,Wednesday,2019-10-02,https://www.twitch.tv/videos/489269683
,Magic: The Gathering
,Just Chatting
PLANET ZOOOOOOO Last Stream before --->>>> !twitchcon,games,Tuesday,2019-09-24,https://www.twitch.tv/videos/485831262
,Just Chatting
,Planet Zoo
,Special Events
,Planet Zoo
,Special Events
,Just Chatting
"50% OFF SUBS, WAT? 50% OFF SUBS!!! WAT???? 50% OFF SUBS!!! -",games,Monday,2019-09-23,https://www.twitch.tv/videos/485417109
,Call of Duty: Modern Warfare
,The Surge 2
,Call of Duty: Modern Warfare
,Untitled Goose Game
,Police Stories
SUB SUNDAYYYYYYYYYYYYYYYYYYYYYYYYYYYYYYYYYYYYYYYYYYYYYYYYYY,games,Sunday,2019-09-22,https://www.twitch.tv/videos/484999438
,Just Chatting
,Later Alligator
,Untitled Goose Game
,Police Stories
,The Legend of Zelda: Link's Awakening
,Call of Duty: Modern Warfare
üò° PC Player pwning n00bs COD üò°,games,Saturday,2019-09-21,https://www.twitch.tv/videos/484499964
,Unrailed!
,Heave Ho
,Golf It!
üò° PC Player pwning n00bs COD üò°,games,Friday,2019-09-20,https://www.twitch.tv/videos/484011788
GREAT DAY TO BE COZY,games,Tuesday,2019-09-17,https://www.twitch.tv/videos/482704342
,Session
,Tony Hawk's Pro Skater
,Just Chatting
,Battlefield 3
NEW WEEK SAME ME,games,Monday,2019-09-16,https://www.twitch.tv/videos/482288260
,Arcade Tycoon
,Battlefield 3
Sub Sunday :),games,Sunday,2019-09-15,https://www.twitch.tv/videos/481881785
,Children of Morta
,Gears 5
,Blasphemous
,Arcade Tycoon
,Gears 5
,Red Dead Redemption 2
Borderlands 2 - Day 2 - 20 Gift Subs Purple / 50 Gift Subs L,games,Saturday,2019-09-14,https://www.twitch.tv/videos/481389481
lirikCOZY Borderlands 3 - 50 gifted subs purple / 100 gifted,games,Friday,2019-09-13,https://www.twitch.tv/videos/480877419
o_o,games,Wednesday,2019-09-11,https://www.twitch.tv/videos/479998960
,Red Dead Redemption 2
:),games,Tuesday,2019-09-10,https://www.twitch.tv/videos/479564047
,GreedFall
,Green Hell
,Just Chatting
MAN STREM GAYMZ,games,Monday,2019-09-09,https://www.twitch.tv/videos/479138406
,World of Warcraft
,Green Hell
"GREATEST SLOWEST WoW LEVELER - Flight Today ‚úàÔ∏è, No Stream Sa",games,Friday,2019-09-06,https://www.twitch.tv/videos/477651766
,Tom Clancy's Ghost Recon Breakpoint
Man of Medan,games,Wednesday,2019-09-04,https://www.twitch.tv/videos/476759661
,World of Warcraft
hahahahaahahah heheeheheh hehehahaha,games,Tuesday,2019-09-03,https://www.twitch.tv/videos/476315452
,World of Warcraft
SUB SUNDAY VARIETY,games,Sunday,2019-09-01,https://www.twitch.tv/videos/475415077
,Knights and Bikes
,Astral Chain
,Heave Ho
,Re:Legend
,Control
,World of Warcraft
widepeepoCozy,games,Saturday,2019-08-31,https://www.twitch.tv/videos/474940363
,World of Tanks
,World of Warcraft
üò± Blair Witch üò±,games,Friday,2019-08-30,https://www.twitch.tv/videos/474461562
,Cyberpunk 2077
,Blair Witch
,World of Warcraft
,Risk of Rain 2
,World of Warcraft
re-living 12 year old me widepeepoBlanket,games,Wednesday,2019-08-28,https://www.twitch.tv/videos/473550880
widepeepoBlanket re-living 12 year old me widepeepoBlanket,games,Tuesday,2019-08-27,https://www.twitch.tv/videos/473094194
widepeepoBlanket re-living 12 year old me widepeepoBlanket,games,Monday,2019-08-26,https://www.twitch.tv/videos/472622552
,Ancestors: The Humankind Odyssey
,World of Warcraft
Sub Sunday,games,Sunday,2019-08-25,https://www.twitch.tv/videos/472183260
,Oninaki
,RAD
,Age of Empires: Definitive Edition
,Telling Lies
,Dreams
,Undermine
,Age of Empires: Definitive Edition
To Fulltime WoW or not To Fulltime WoW,games,Saturday,2019-08-24,https://www.twitch.tv/videos/471714467
,War Thunder
,PLAYERUNKNOWN'S BATTLEGROUNDS
To fulltime WoW or Not To fulltime WoW that is the quesiton,games,Friday,2019-08-23,https://www.twitch.tv/videos/471237380
,Call of Duty: Modern Warfare
,Hunt: Showdown
OK LOL RIGHT,games,Wednesday,2019-08-21,https://www.twitch.tv/videos/470319774
,Remnant: From the Ashes
Grab a blanket widepeepoBlanket,games,Tuesday,2019-08-20,https://www.twitch.tv/videos/469861113
,Just Chatting
,Apex Legends
,Remnant: From the Ashes
